INSERT INTO CLIENTES (CPF, NOME, UF, CELULAR) 
VALUES ('01234567890', 'John Snow', 'PR', '41987654321');

INSERT INTO CLIENTES (CPF, NOME, UF, CELULAR) 
VALUES ('31954168080', 'Eduardo Moraes', 'SP', '11920280856');

INSERT INTO CLIENTES (CPF, NOME, UF, CELULAR) 
VALUES ('01415302006', 'Hugo Renan da Paz', 'SP', '11956351846');

INSERT INTO CLIENTES (CPF, NOME, UF, CELULAR) 
VALUES ('56212116008', 'Laura Gomes', 'SP', '71941386357');

INSERT INTO CLIENTES (CPF, NOME, UF, CELULAR) 
VALUES ('58058762059', 'Stella Lara Jesus', 'RJ', '41987654321');

INSERT INTO CLIENTES (CPF, NOME, UF, CELULAR) 
VALUES ('50060051906', 'Miguel Morais', 'SP', '1199726361');

INSERT INTO CLIENTES (CPF, NOME, UF, CELULAR) 
VALUES ('97080108047', 'Caleb Arthur da Cruz', 'GO', '61984959071');



INSERT INTO FINANCIAMENTOS(ID, CPF, TP_FINANCIAMENTO, VL_TOTAL, DT_ULTIMO_VENCIMENTO)
VALUES ('a93502bc-37e0-4f1a-b9fa-6cb0745e69c2', '01234567890', 1, 100000.00, '2023-12-10')

INSERT INTO FINANCIAMENTOS(ID, CPF, TP_FINANCIAMENTO, VL_TOTAL, DT_ULTIMO_VENCIMENTO)
VALUES ('af27a87d-117e-4c13-aea2-159514e521f5', '31954168080', 1, 200000.00, '2023-12-10')

INSERT INTO FINANCIAMENTOS(ID, CPF, TP_FINANCIAMENTO, VL_TOTAL, DT_ULTIMO_VENCIMENTO)
VALUES ('98907097-ee64-491c-b79e-325397ba99aa', '01415302006', 1, 40000.00, '2023-12-10')

INSERT INTO FINANCIAMENTOS(ID, CPF, TP_FINANCIAMENTO, VL_TOTAL, DT_ULTIMO_VENCIMENTO)
VALUES ('55d85823-cecf-4336-96da-24baf05c4312', '56212116008', 1, 500000.00, '2023-12-10')

INSERT INTO FINANCIAMENTOS(ID, CPF, TP_FINANCIAMENTO, VL_TOTAL, DT_ULTIMO_VENCIMENTO)
VALUES ('cd528fef-88b8-48b4-b4f4-ad629ad6ff21', '58058762059', 1, 14000.50, '2023-12-10')

INSERT INTO FINANCIAMENTOS(ID, CPF, TP_FINANCIAMENTO, VL_TOTAL, DT_ULTIMO_VENCIMENTO)
VALUES ('06455e3c-ff27-4949-afad-c2670b138487', '50060051906', 1, 100000.00, '2023-12-10')

INSERT INTO FINANCIAMENTOS(ID, CPF, TP_FINANCIAMENTO, VL_TOTAL, DT_ULTIMO_VENCIMENTO)
VALUES ('9dd98f06-9a07-4cf9-a480-f8111c2b03c5', '97080108047', 1, 132456.78, '2023-12-10')



INSERT INTO PARCELAS (ID, ID_FINANCIAMENTO, NR_PARCELA, VL_PARCELA, DT_VENCIMENTO, DT_PAGAMENTO) 
VALUES (NEWID(), 'a93502bc-37e0-4f1a-b9fa-6cb0745e69c2', 1, 8333.33, '2023-01-10', '2023-01-05');

INSERT INTO PARCELAS (ID, ID_FINANCIAMENTO, NR_PARCELA, VL_PARCELA, DT_VENCIMENTO, DT_PAGAMENTO) 
VALUES (NEWID(), 'a93502bc-37e0-4f1a-b9fa-6cb0745e69c2', 2, 8333.33, '2023-02-10', '2023-02-05');

INSERT INTO PARCELAS (ID, ID_FINANCIAMENTO, NR_PARCELA, VL_PARCELA, DT_VENCIMENTO, DT_PAGAMENTO) 
VALUES (NEWID(), 'a93502bc-37e0-4f1a-b9fa-6cb0745e69c2', 3, 8333.33, '2023-03-10', '2023-03-05');

INSERT INTO PARCELAS (ID, ID_FINANCIAMENTO, NR_PARCELA, VL_PARCELA, DT_VENCIMENTO, DT_PAGAMENTO) 
VALUES (NEWID(), 'a93502bc-37e0-4f1a-b9fa-6cb0745e69c2', 4, 8333.33, '2023-04-10', NULL);

INSERT INTO PARCELAS (ID, ID_FINANCIAMENTO, NR_PARCELA, VL_PARCELA, DT_VENCIMENTO, DT_PAGAMENTO) 
VALUES (NEWID(), 'a93502bc-37e0-4f1a-b9fa-6cb0745e69c2', 5, 8333.33, '2023-05-10', NULL);

INSERT INTO PARCELAS (ID, ID_FINANCIAMENTO, NR_PARCELA, VL_PARCELA, DT_VENCIMENTO, DT_PAGAMENTO) 
VALUES (NEWID(), 'a93502bc-37e0-4f1a-b9fa-6cb0745e69c2', 6, 8333.33, '2023-06-10', NULL);



INSERT INTO PARCELAS (ID, ID_FINANCIAMENTO, NR_PARCELA, VL_PARCELA, DT_VENCIMENTO, DT_PAGAMENTO) 
VALUES (NEWID(), 'af27a87d-117e-4c13-aea2-159514e521f5', 1, 16666.66, '2023-01-10', '2023-01-05');

INSERT INTO PARCELAS (ID, ID_FINANCIAMENTO, NR_PARCELA, VL_PARCELA, DT_VENCIMENTO, DT_PAGAMENTO) 
VALUES (NEWID(), 'af27a87d-117e-4c13-aea2-159514e521f5', 2, 16666.66, '2023-02-10', '2023-02-05');

INSERT INTO PARCELAS (ID, ID_FINANCIAMENTO, NR_PARCELA, VL_PARCELA, DT_VENCIMENTO, DT_PAGAMENTO) 
VALUES (NEWID(), 'af27a87d-117e-4c13-aea2-159514e521f5', 3, 16666.66, '2023-03-10', '2023-03-05');

INSERT INTO PARCELAS (ID, ID_FINANCIAMENTO, NR_PARCELA, VL_PARCELA, DT_VENCIMENTO, DT_PAGAMENTO) 
VALUES (NEWID(), 'af27a87d-117e-4c13-aea2-159514e521f5', 4, 16666.66, '2023-04-10', '2023-04-05');

INSERT INTO PARCELAS (ID, ID_FINANCIAMENTO, NR_PARCELA, VL_PARCELA, DT_VENCIMENTO, DT_PAGAMENTO) 
VALUES (NEWID(), 'af27a87d-117e-4c13-aea2-159514e521f5', 5, 16666.66, '2023-05-10', NULL);

INSERT INTO PARCELAS (ID, ID_FINANCIAMENTO, NR_PARCELA, VL_PARCELA, DT_VENCIMENTO, DT_PAGAMENTO) 
VALUES (NEWID(), 'af27a87d-117e-4c13-aea2-159514e521f5', 6, 16666.66, '2023-06-10', NULL);



INSERT INTO PARCELAS (ID, ID_FINANCIAMENTO, NR_PARCELA, VL_PARCELA, DT_VENCIMENTO, DT_PAGAMENTO) 
VALUES (NEWID(), '98907097-ee64-491c-b79e-325397ba99aa', 1, 3333.33, '2023-01-10', '2023-01-05');

INSERT INTO PARCELAS (ID, ID_FINANCIAMENTO, NR_PARCELA, VL_PARCELA, DT_VENCIMENTO, DT_PAGAMENTO) 
VALUES (NEWID(), '98907097-ee64-491c-b79e-325397ba99aa', 2, 3333.33, '2023-02-10', '2023-02-05');

INSERT INTO PARCELAS (ID, ID_FINANCIAMENTO, NR_PARCELA, VL_PARCELA, DT_VENCIMENTO, DT_PAGAMENTO) 
VALUES (NEWID(), '98907097-ee64-491c-b79e-325397ba99aa', 3, 3333.33, '2023-03-10', '2023-03-05');

INSERT INTO PARCELAS (ID, ID_FINANCIAMENTO, NR_PARCELA, VL_PARCELA, DT_VENCIMENTO, DT_PAGAMENTO) 
VALUES (NEWID(), '98907097-ee64-491c-b79e-325397ba99aa', 4, 3333.33, '2023-04-10', '2023-04-05');

INSERT INTO PARCELAS (ID, ID_FINANCIAMENTO, NR_PARCELA, VL_PARCELA, DT_VENCIMENTO, DT_PAGAMENTO) 
VALUES (NEWID(), '98907097-ee64-491c-b79e-325397ba99aa', 5, 3333.33, '2023-05-10', '2023-05-05');

INSERT INTO PARCELAS (ID, ID_FINANCIAMENTO, NR_PARCELA, VL_PARCELA, DT_VENCIMENTO, DT_PAGAMENTO) 
VALUES (NEWID(), '98907097-ee64-491c-b79e-325397ba99aa', 6, 3333.33, '2023-06-10', NULL);




INSERT INTO PARCELAS (ID, ID_FINANCIAMENTO, NR_PARCELA, VL_PARCELA, DT_VENCIMENTO, DT_PAGAMENTO) 
VALUES (NEWID(), '55d85823-cecf-4336-96da-24baf05c4312', 1, 41666.66, '2023-01-10', '2023-01-05');

INSERT INTO PARCELAS (ID, ID_FINANCIAMENTO, NR_PARCELA, VL_PARCELA, DT_VENCIMENTO, DT_PAGAMENTO) 
VALUES (NEWID(), '55d85823-cecf-4336-96da-24baf05c4312', 2, 41666.66, '2023-02-10', '2023-02-05');

INSERT INTO PARCELAS (ID, ID_FINANCIAMENTO, NR_PARCELA, VL_PARCELA, DT_VENCIMENTO, DT_PAGAMENTO) 
VALUES (NEWID(), '55d85823-cecf-4336-96da-24baf05c4312', 3, 41666.66, '2023-03-10', '2023-03-05');

INSERT INTO PARCELAS (ID, ID_FINANCIAMENTO, NR_PARCELA, VL_PARCELA, DT_VENCIMENTO, DT_PAGAMENTO) 
VALUES (NEWID(), '55d85823-cecf-4336-96da-24baf05c4312', 4, 41666.66, '2023-04-10', NULL);

INSERT INTO PARCELAS (ID, ID_FINANCIAMENTO, NR_PARCELA, VL_PARCELA, DT_VENCIMENTO, DT_PAGAMENTO) 
VALUES (NEWID(), '55d85823-cecf-4336-96da-24baf05c4312', 5, 41666.66, '2023-05-10', NULL);

INSERT INTO PARCELAS (ID, ID_FINANCIAMENTO, NR_PARCELA, VL_PARCELA, DT_VENCIMENTO, DT_PAGAMENTO) 
VALUES (NEWID(), '55d85823-cecf-4336-96da-24baf05c4312', 6, 41666.66, '2023-06-10', NULL);




INSERT INTO PARCELAS (ID, ID_FINANCIAMENTO, NR_PARCELA, VL_PARCELA, DT_VENCIMENTO, DT_PAGAMENTO) 
VALUES (NEWID(), 'cd528fef-88b8-48b4-b4f4-ad629ad6ff21', 1, 1166.70, '2023-01-10', '2023-01-05');

INSERT INTO PARCELAS (ID, ID_FINANCIAMENTO, NR_PARCELA, VL_PARCELA, DT_VENCIMENTO, DT_PAGAMENTO) 
VALUES (NEWID(), 'cd528fef-88b8-48b4-b4f4-ad629ad6ff21', 2, 1166.70, '2023-02-10', '2023-02-05');

INSERT INTO PARCELAS (ID, ID_FINANCIAMENTO, NR_PARCELA, VL_PARCELA, DT_VENCIMENTO, DT_PAGAMENTO) 
VALUES (NEWID(), 'cd528fef-88b8-48b4-b4f4-ad629ad6ff21', 3, 1166.70, '2023-03-10', '2023-03-05');

INSERT INTO PARCELAS (ID, ID_FINANCIAMENTO, NR_PARCELA, VL_PARCELA, DT_VENCIMENTO, DT_PAGAMENTO) 
VALUES (NEWID(), 'cd528fef-88b8-48b4-b4f4-ad629ad6ff21', 4, 1166.70, '2023-04-10', '2023-04-05');

INSERT INTO PARCELAS (ID, ID_FINANCIAMENTO, NR_PARCELA, VL_PARCELA, DT_VENCIMENTO, DT_PAGAMENTO) 
VALUES (NEWID(), 'cd528fef-88b8-48b4-b4f4-ad629ad6ff21', 5, 1166.70, '2023-05-10', '2023-05-05');

INSERT INTO PARCELAS (ID, ID_FINANCIAMENTO, NR_PARCELA, VL_PARCELA, DT_VENCIMENTO, DT_PAGAMENTO) 
VALUES (NEWID(), 'cd528fef-88b8-48b4-b4f4-ad629ad6ff21', 6, 1166.70, '2023-06-10', NULL);




INSERT INTO PARCELAS (ID, ID_FINANCIAMENTO, NR_PARCELA, VL_PARCELA, DT_VENCIMENTO, DT_PAGAMENTO) 
VALUES (NEWID(), '06455e3c-ff27-4949-afad-c2670b138487', 1, 8333.33, '2023-01-10', '2023-01-05');

INSERT INTO PARCELAS (ID, ID_FINANCIAMENTO, NR_PARCELA, VL_PARCELA, DT_VENCIMENTO, DT_PAGAMENTO) 
VALUES (NEWID(), '06455e3c-ff27-4949-afad-c2670b138487', 2, 8333.33, '2023-02-10', '2023-02-05');

INSERT INTO PARCELAS (ID, ID_FINANCIAMENTO, NR_PARCELA, VL_PARCELA, DT_VENCIMENTO, DT_PAGAMENTO) 
VALUES (NEWID(), '06455e3c-ff27-4949-afad-c2670b138487', 3, 8333.33, '2023-03-10', '2023-03-05');

INSERT INTO PARCELAS (ID, ID_FINANCIAMENTO, NR_PARCELA, VL_PARCELA, DT_VENCIMENTO, DT_PAGAMENTO) 
VALUES (NEWID(), '06455e3c-ff27-4949-afad-c2670b138487', 4, 8333.33, '2023-04-10', '2023-04-05');

INSERT INTO PARCELAS (ID, ID_FINANCIAMENTO, NR_PARCELA, VL_PARCELA, DT_VENCIMENTO, DT_PAGAMENTO) 
VALUES (NEWID(), '06455e3c-ff27-4949-afad-c2670b138487', 5, 8333.33, '2023-05-10', '2023-05-05');

INSERT INTO PARCELAS (ID, ID_FINANCIAMENTO, NR_PARCELA, VL_PARCELA, DT_VENCIMENTO, DT_PAGAMENTO) 
VALUES (NEWID(), '06455e3c-ff27-4949-afad-c2670b138487', 6, 8333.33, '2023-06-10', '2023-05-05');




INSERT INTO PARCELAS (ID, ID_FINANCIAMENTO, NR_PARCELA, VL_PARCELA, DT_VENCIMENTO, DT_PAGAMENTO) 
VALUES (NEWID(), '9dd98f06-9a07-4cf9-a480-f8111c2b03c5', 1, 11038.06, '2023-01-10', '2023-01-05');

INSERT INTO PARCELAS (ID, ID_FINANCIAMENTO, NR_PARCELA, VL_PARCELA, DT_VENCIMENTO, DT_PAGAMENTO) 
VALUES (NEWID(), '9dd98f06-9a07-4cf9-a480-f8111c2b03c5', 2, 11038.06, '2023-02-10', '2023-02-05');

INSERT INTO PARCELAS (ID, ID_FINANCIAMENTO, NR_PARCELA, VL_PARCELA, DT_VENCIMENTO, DT_PAGAMENTO) 
VALUES (NEWID(), '9dd98f06-9a07-4cf9-a480-f8111c2b03c5', 3, 11038.06, '2023-03-10', '2023-03-05');

INSERT INTO PARCELAS (ID, ID_FINANCIAMENTO, NR_PARCELA, VL_PARCELA, DT_VENCIMENTO, DT_PAGAMENTO) 
VALUES (NEWID(), '9dd98f06-9a07-4cf9-a480-f8111c2b03c5', 4, 11038.06, '2023-04-10', '2023-04-05');

INSERT INTO PARCELAS (ID, ID_FINANCIAMENTO, NR_PARCELA, VL_PARCELA, DT_VENCIMENTO, DT_PAGAMENTO) 
VALUES (NEWID(), '9dd98f06-9a07-4cf9-a480-f8111c2b03c5', 5, 11038.06, '2023-05-10', '2023-05-05');

INSERT INTO PARCELAS (ID, ID_FINANCIAMENTO, NR_PARCELA, VL_PARCELA, DT_VENCIMENTO, DT_PAGAMENTO) 
VALUES (NEWID(), '9dd98f06-9a07-4cf9-a480-f8111c2b03c5', 6, 11038.06, '2023-06-10', NULL);

